id,raw_path,artist,date,venue,city,state,collection,status,ia_identifier,ia_collection,source,notes
800913_Rowan_and_Logan,Dave W Flacs/800913_Rowan_and_Logan.flac,Rowan and Logan,1980-09-13,,,,Dave Ward Collection,todo,,,,
820206_Bill_Monroe_Plus_switchesto44,Dave W Flacs/820206_Bill_Monroe_Plus_switches to 44.flac,Bill Monroe Plus switches to 44,1982-02-06,,,,Dave Ward Collection,todo,,,,
870521_Seldom_Scene_1,Dave W Flacs/870521_Seldom_Scene_1.flac,Seldom Scene,1987-05-21,,,,Dave Ward Collection,todo,,,,
870521_Seldom_Scene_2,Dave W Flacs/870521_Seldom_Scene_2.flac,Seldom Scene,1987-05-21,,,,Dave Ward Collection,todo,,,,
880124_Superpickers_,Dave W Flacs/880124_Superpickers_.flac,Superpickers,1988-01-24,,,,Dave Ward Collection,todo,,,,
hotrize1988-06-18,Dave W Flacs/880618_Hot_Rize.flac,Hot Rize,1988-06-18,,,,Dave Ward Collection,todo,,,,
901206_Superpickers,Dave W Flacs/901206_Superpickers.flac,Superpickers,1990-12-06,,,,Dave Ward Collection,todo,,,,
910224_tony_Rice_Unit,Dave W Flacs/910224_tony_Rice_Unit.flac,tony Rice Unit,1991-02-24,,,,Dave Ward Collection,todo,,,,
910324_Krauss_and_Union_Station,Dave W Flacs/910324_Krauss_and_Union_Station.flac,Krauss and Union Station,1991-03-24,,,,Dave Ward Collection,todo,,,,
920118_Barrenburg_Bush_Douglas_Meyer,Dave W Flacs/920118_Barrenburg_Bush_Douglas_Meyer.flac,Barrenburg Bush Douglas Meyer,1992-01-18,,,,Dave Ward Collection,todo,,,,
920425_Rice_Rowan,Dave W Flacs/920425_Rice_Rowan.flac,Rice Rowan,1992-04-25,,,,Dave Ward Collection,todo,,,,
hotrize1992-07-18,Dave W Flacs/920718_Hot_Rize.flac,Hot Rize,1992-07-18,,,,Dave Ward Collection,todo,,,,
920729_TRU_990508_Douglas_981003_Rowan_Bush_Douglas,Dave W Flacs/920729_TRU_990508_Douglas_981003_Rowan_Bush_Douglas.flac,TRU 990508 Douglas 981003 Rowan Bush Douglas,1992-07-29,,,,Dave Ward Collection,todo,,,,
930904_Bela_Flecktones,Dave W Flacs/930904_Bela_Flecktones.flac,Bela Flecktones,1993-09-04,,,,Dave Ward Collection,todo,,,,
940320_Tony_Rice_Unit,Dave W Flacs/940320_Tony_Rice_Unit.flac,Tony Rice Unit,1994-03-20,,,,Dave Ward Collection,todo,,,,
hotrize1994-08-06,Dave W Flacs/940806_Hot_Rize.flac,Hot Rize,1994-08-06,,,,Dave Ward Collection,todo,,,,
950318_Buddy_Guy,Dave W Flacs/950318_Buddy_Guy.flac,Buddy Guy,1995-03-18,,,,Dave Ward Collection,todo,,,,
950324_Seldom_Scene,Dave W Flacs/950324_Seldom_Scene.flac,Seldom Scene,1995-03-24,,,,Dave Ward Collection,todo,,,,
950327_Tim_OBrien_and_Friends,Dave W Flacs/950327_Tim_OBrien_and_Friends.flac,Tim OBrien and Friends,1995-03-27,,,,Dave Ward Collection,todo,,,,
los1995-07-03,Brian H Flacs/950703_LOS_plus_Box_Set.flac,Leftover Salmon,1995-07-03,,,,Brian H Collection,todo,,,,
950715_Tim_Obrien_and_FriendsWinterhawkAllStarJam,Dave W Flacs/950715_Tim_Obrien_and_Friends+Winterhawk All Star Jam.flac,Tim Obrien and Friends+Winterhawk All Star Jam,1995-07-15,,,,Dave Ward Collection,todo,,,,
951014_Acoustic_Super_Jam,Dave W Flacs/951014_Acoustic_Super_Jam.flac,Acoustic Super Jam,1995-10-14,,,,Dave Ward Collection,todo,,,,
960331_Widespread_Panic_I,Dave W Flacs/960331_Widespread_Panic_I.flac,Widespread Panic,1996-03-31,,,,Dave Ward Collection,todo,,,,
hotrize1996-06-09,Dave W Flacs/960609_Hot_Rize.flac,Hot Rize,1996-06-09,,,,Dave Ward Collection,already_uploaded,hotrize1996-06-09,taperssection,,
960811_Rowan_Douglas_etal_910324_AKAUS,Dave W Flacs/960811_Rowan_Douglas_etal_910324_AKAUS.flac,Rowan Douglas etal 910324 AKAUS,1996-08-11,,,,Dave Ward Collection,todo,,,,
961109_Grisman_Quintet_950430_Grisman_Rice,Dave W Flacs/961109_Grisman_Quintet_950430_Grisman_Rice.flac,Grisman Quintet 950430 Grisman Rice,1996-11-09,,,,Dave Ward Collection,todo,,,,
los1997-05-07,"Dave W Flacs/970507_LOS_I.flac
Dave W Flacs/970507_LOS_II.flac",Leftover Salmon,1997-05-07,,,,Dave Ward Collection,todo,,,,multipart raw FLAC
970808_Rowan_Vassar,Dave W Flacs/970808_Rowan_Vassar.flac,Rowan Vassar,1997-08-08,,,,Dave Ward Collection,todo,,,,
971220_Rowan_Grisman,Dave W Flacs/971220_Rowan_Grisman.flac,Rowan Grisman,1997-12-20,,,,Dave Ward Collection,todo,,,,
980326_Doc_Dawg-32K,Brian H Flacs/980326_Doc_Dawg-32K.flac,Doc Dawg 32K,1998-03-26,,,,Brian H Collection,todo,,,,
jcb1998-04-19,Dave W Flacs/980419_JCB_980419_Douglas.flac,John Cowan,1998-04-19,,,,Dave Ward Collection,todo,,,,
980424_HR_Rowan_Guy-Darrell_OBrien-Band_Merlefest,Dave W Flacs/980424_HR_Rowan_Guy-Darrell_OBrien-Band_Merlefest.flac,HR Rowan Guy Darrell OBrien Band Merlefest,1998-04-24,,,,Dave Ward Collection,todo,,,,
hotrize1998-06-20,Dave W Flacs/980620_Hot_Rize.flac,Hot Rize,1998-06-20,,,,Dave Ward Collection,todo,,,,
980925_Cowan_Electric_Band,Dave W Flacs/980925_Cowan_Electric_Band.flac,Cowan Electric Band,1998-09-25,,,,Dave Ward Collection,todo,,,,
981016_Rowan,Dave W Flacs/981016_Rowan.flac,Rowan,1998-10-16,,,,Dave Ward Collection,todo,,,,
981023_OBrien_IBMA,Dave W Flacs/981023_OBrien_IBMA.flac,OBrien IBMA,1998-10-23,,,,Dave Ward Collection,todo,,,,
981024_Flatheads,Dave W Flacs/981024_Flatheads.flac,Flatheads,1998-10-24,,,,Dave Ward Collection,todo,,,,
981029_Cowan_Acoustic_Band,Dave W Flacs/981029_Cowan_Acoustic_Band.flac,Cowan Acoustic Band,1998-10-29,,,,Dave Ward Collection,todo,,,,
jcb1998-11-20,Dave W Flacs/981120_JCB_Acoustic.flac,John Cowan,1998-11-20,,,,Dave Ward Collection,todo,,,,
los1998-12-08,Dave W Flacs/981208_LOS.flac,Leftover Salmon,1998-12-08,,,,Dave Ward Collection,todo,,,,
los1998-12-09,Dave W Flacs/981209_LOS.flac,Leftover Salmon,1998-12-09,,,,Dave Ward Collection,todo,,,,
jcb1999-01-09,"Dave W Flacs/990109_JCB_DJ_Superstore.flac
Dave W Flacs/990109_JCB_Bomhard_Theater.flac",John Cowan,1999-01-09,,,,Dave Ward Collection,todo,,,,multipart raw FLAC
990116_Obrien_Band,Dave W Flacs/990116_Obrien_Band.flac,Obrien Band,1999-01-16,,,,Dave Ward Collection,todo,,,,
jcb1999-01-30,Dave W Flacs/990130_JCB.flac,John Cowan,1999-01-30,,,,Dave Ward Collection,todo,,,,
jcb1999-02-12,Dave W Flacs/990212_JCB.flac,John Cowan,1999-02-12,,,,Dave Ward Collection,todo,,,,
990419_D_Nelson_Band,Dave W Flacs/990419_D_Nelson_Band.flac,D Nelson Band,1999-04-19,,,,Dave Ward Collection,todo,,,,
990501_Fleck_Douglas_980620_D_Trucks_Band,Dave W Flacs/990501_Fleck_Douglas_980620_D_Trucks_Band.flac,Fleck Douglas 980620 D Trucks Band,1999-05-01,,,,Dave Ward Collection,todo,,,,
990507_Cowan_and_Sky_Kings,Dave W Flacs/990507_Cowan_and_Sky_Kings.flac,Cowan and Sky Kings,1999-05-07,,,,Dave Ward Collection,todo,,,,
990528_Cowan_at_Amys,Dave W Flacs/990528_Cowan_at_Amys.flac,Cowan at Amys,1999-05-28,,,,Dave Ward Collection,todo,,,,
jcb1999-05-28,Dave W Flacs/990528_JCB_Strawberry.flac,John Cowan,1999-05-28,,,,Dave Ward Collection,todo,,,,
990530_Douglas,Dave W Flacs/990530_Douglas.flac,Douglas,1999-05-30,,,,Dave Ward Collection,todo,,,,
990707_Obrien,Dave W Flacs/990707_Obrien.flac,Obrien,1999-07-07,,,,Dave Ward Collection,todo,,,,
jcb1999-08-06,Dave W Flacs/990806_JCB.flac,John Cowan,1999-08-06,,,,Dave Ward Collection,todo,,,,
990913_Obrien_Powell_Hermann,Dave W Flacs/990913_Obrien_Powell_Hermann.flac,Obrien Powell Hermann,1999-09-13,,,,Dave Ward Collection,todo,,,,
991006_Bluegrass_Sessions,Dave W Flacs/991006_Bluegrass_Sessions.flac,Bluegrass Sessions,1999-10-06,,,,Dave Ward Collection,todo,,,,
991010_Rowan_Friends,Dave W Flacs/991010_Rowan_Friends.flac,Rowan Friends,1999-10-10,,,,Dave Ward Collection,todo,,,,
jcb1999-10-23,Dave W Flacs/991023_JCB.flac,John Cowan,1999-10-23,,,,Dave Ward Collection,todo,,,,
jcb1999-10-30,Dave W Flacs/991030_JCB.flac,John Cowan,1999-10-30,,,,Dave Ward Collection,todo,,,,
991121_NewGrange,Dave W Flacs/991121_New Grange.flac,New Grange,1999-11-21,,,,Dave Ward Collection,todo,,,,
ymsb1999-12-11,Dave W Flacs/991211_YMSB.flac,Yonder Mountain String Band,1999-12-11,,,,Dave Ward Collection,todo,,,,
991231_Furtado_Rowan,Dave W Flacs/991231_Furtado_Rowan.flac,Furtado Rowan,1999-12-31,,,,Dave Ward Collection,todo,,,,
los1999-12-31,"Dave W Flacs/991231_los.flac
Dave W Flacs/991231_los_II.flac
Dave W Flacs/991231_Bush_Cowan_LOS_Acoustic.flac",Leftover Salmon,1999-12-31,,,,Dave Ward Collection,todo,,,,multipart raw FLAC
jcb2000-01-23,Dave W Flacs/000123_JCB.flac,John Cowan,2000-01-23,,,,Dave Ward Collection,todo,,,,
000215_Rowan__Friends,Dave W Flacs/000215_Rowan_&_Friends.flac,Rowan & Friends,2000-02-15,,,,Dave Ward Collection,todo,,,,
000218_JuniorBrown__Fleck_Flecktones,Dave W Flacs/000218_Junior Brown_+_Fleck_Flecktones.flac,Junior Brown + Fleck Flecktones,2000-02-18,,,,Dave Ward Collection,todo,,,,
000309_OBrien_Scott,Dave W Flacs/000309_OBrien_Scott.flac,OBrien Scott,2000-03-09,,,,Dave Ward Collection,todo,,,,
000311_Furtado_1,Dave W Flacs/000311_Furtado_1.flac,Furtado,2000-03-11,,,,Dave Ward Collection,todo,,,,
000311_Furtado_2,Dave W Flacs/000311_Furtado_2.flac,Furtado,2000-03-11,,,,Dave Ward Collection,todo,,,,
000325_Blake_Rice__Berado,Dave W Flacs/000325_Blake_Rice_+_Berado.flac,Blake Rice + Berado,2000-03-25,,,,Dave Ward Collection,todo,,,,
000325_Guy_Darrell_Vernon,Dave W Flacs/000325_Guy_Darrell_Vernon.flac,Guy Darrell Vernon,2000-03-25,,,,Dave Ward Collection,todo,,,,
000325_OBrien_Scott,Dave W Flacs/000325_OBrien_Scott.flac,OBrien Scott,2000-03-25,,,,Dave Ward Collection,todo,,,,
000325_Rowan_and_Rice,Dave W Flacs/000325_Rowan_and_Rice.flac,Rowan and Rice,2000-03-25,,,,Dave Ward Collection,todo,,,,
jcb2000-04-01,"Dave W Flacs/000401_JCB_1.flac
Dave W Flacs/000401_JCB_2.flac",John Cowan,2000-04-01,Parrish Auditorium,Hamilton,OH,Dave Ward Collection,already_uploaded,jcb2000-04-01,JohnCowan,,multipart raw FLAC
los2000-04-05,"Dave W Flacs/000405_LOS_JC_1.flac
Dave W Flacs/000405_LOS_JC_2.flac",Leftover Salmon,2000-04-05,,,,Dave Ward Collection,todo,,,,multipart raw FLAC
jcb2000-04-10,Dave W Flacs/000410_JCB.flac,John Cowan,2000-04-10,,,,Dave Ward Collection,todo,,,,
jcb2000-05-17,Dave W Flacs/000517_JCB.flac,John Cowan,2000-05-17,,,,Dave Ward Collection,todo,,,,
000520_Scott_1,Dave W Flacs/000520_Scott_1.flac,Scott,2000-05-20,,,,Dave Ward Collection,todo,,,,
000520_Scott_2__930724_Fleck_and_Flecktones_w_Duncan,Dave W Flacs/000520_Scott_2_+_930724_Fleck_and_Flecktones_w_Duncan.flac,Scott 2 + 930724 Fleck and Flecktones w Duncan,2000-05-20,,,,Dave Ward Collection,todo,,,,
jcb2000-06-09,"Dave W Flacs/000609_JCB_1.flac
Dave W Flacs/000609_JCB_2.flac",John Cowan,2000-06-09,,,,Dave Ward Collection,todo,,,,multipart raw FLAC
docwatson2000-07-22.sbd,Dave W Flacs/000722_Watson.flac,Doc Watson,2000-07-22,,,,Dave Ward Collection,already_uploaded,docwatson2000-07-22.sbd,taperssection,,
jcb2000-08-11,"Dave W Flacs/000811_JCB_1.flac
Dave W Flacs/000811_JCB_2.flac",John Cowan,2000-08-11,,,,Dave Ward Collection,todo,,,,multipart raw FLAC
jcb2000-10-07,Dave W Flacs/001007_JCB_+_010331_Jourma.flac,John Cowan,2000-10-07,,,,Dave Ward Collection,todo,,,,
001029_Cowfest,Dave W Flacs/001029_Cowfest.flac,Cowfest,2000-10-29,,,,Dave Ward Collection,todo,,,,
sci2000-11-03,Brian H Flacs/001103_SCI.flac,String Cheese Incident,2000-11-03,,,,Brian H Collection,todo,,,,
sci2000-11-10,"Brian H Flacs/001110_SCI_1.flac
Brian H Flacs/001110_SCI_2.flac",String Cheese Incident,2000-11-10,,,,Brian H Collection,todo,,,,multipart raw FLAC
sci2000-11-15,Brian H Flacs/001115_SCI.flac,String Cheese Incident,2000-11-15,,,,Brian H Collection,todo,,,,
001221_Haynes_Benefit,Dave W Flacs/001221_Haynes_Benefit.flac,Haynes Benefit,2000-12-21,,,,Dave Ward Collection,todo,,,,
jcb2001-01-25,"Dave W Flacs/010125_JCB_1.flac
Dave W Flacs/010125_JCB_2.flac",John Cowan,2001-01-25,,,,Dave Ward Collection,todo,,,,multipart raw FLAC
jcb2001-01-26,"Dave W Flacs/010126_JCB_1.flac
Dave W Flacs/010126_JCB_2.flac",John Cowan,2001-01-26,,,,Dave Ward Collection,todo,,,,multipart raw FLAC
jcb2001-02-19,Dave W Flacs/010219_JCB_1.flac,John Cowan,2001-02-19,,,,Dave Ward Collection,todo,,,,
sci2001-02-19,Brian H Flacs/010219_SCI.flac,String Cheese Incident,2001-02-19,,,,Brian H Collection,todo,,,,
sci2001-02-20,Brian H Flacs/010220_SCI.flac,String Cheese Incident,2001-02-20,,,,Brian H Collection,todo,,,,
sci2001-02-23,Brian H Flacs/010223_SCI.flac,String Cheese Incident,2001-02-23,,,,Brian H Collection,todo,,,,
010323_Laura_Love_Band,Dave W Flacs/010323_Laura_Love_Band.flac,Laura Love Band,2001-03-23,,,,Dave Ward Collection,todo,,,,
010323_McIver,Dave W Flacs/010323_McIver.flac,McIver,2001-03-23,,,,Dave Ward Collection,todo,,,,
jcb2001-03-23,Dave W Flacs/010323_JCB.flac,John Cowan,2001-03-23,,,,Dave Ward Collection,todo,,,,
010324_Clark,Dave W Flacs/010324_Clark.flac,Clark,2001-03-24,,,,Dave Ward Collection,todo,,,,
010324_Furtado,Dave W Flacs/010324_Furtado.flac,Furtado,2001-03-24,,,,Dave Ward Collection,todo,,,,
010324_Rowan_Trio,Dave W Flacs/010324_Rowan_Trio.flac,Rowan Trio,2001-03-24,,,,Dave Ward Collection,todo,,,,
010324_Scott_OBrien,Dave W Flacs/010324_Scott_OBrien.flac,Scott OBrien,2001-03-24,,,,Dave Ward Collection,todo,,,,
jcb2001-03-24,"Dave W Flacs/010324_JCB.flac
Dave W Flacs/010324_JCB_Brandy_House.flac",John Cowan,2001-03-24,,,,Dave Ward Collection,todo,,,,multipart raw FLAC
jcb2001-04-06,Dave W Flacs/010406_JCB.flac,John Cowan,2001-04-06,,,,Dave Ward Collection,todo,,,,
jcb2001-04-07,"Dave W Flacs/010407_JCB_1.flac
Dave W Flacs/010407_JCB_2.flac",John Cowan,2001-04-07,,,,Dave Ward Collection,todo,,,,multipart raw FLAC
sci2001-04-20,"Brian H Flacs Wave 2/SCI/010420_SCI_1.flac
Brian H Flacs Wave 2/SCI/010420_SCI_2.flac",String Cheese Incident,2001-04-20,,,,Brian H Collection,todo,,,,multipart raw FLAC
010720_Scott_Obrien,Dave W Flacs/010720_Scott_Obrien.flac,Scott Obrien,2001-07-20,,,,Dave Ward Collection,todo,,,,
sci2001-07-27,Brian H Flacs Wave 2/SCI/010727_SCI_1.flac,String Cheese Incident,2001-07-27,,,,Brian H Collection,todo,,,,
sci2001-07-28,Brian H Flacs Wave 2/SCI/010728_SCI_2.flac,String Cheese Incident,2001-07-28,,,,Brian H Collection,todo,,,,
011113_Scott_Brad_Paisley_at_BlueBird,Dave W Flacs/011113_Scott_Brad_Paisley_at_BlueBird.flac,Scott Brad Paisley at BlueBird,2001-11-13,,,,Dave Ward Collection,todo,,,,
sci2001-12-29,Brian H Flacs Wave 2/SCI/011229_SCI_1.flac,String Cheese Incident,2001-12-29,,,,Brian H Collection,todo,,,,
jcb2002-01-23,"Dave W Flacs/020123_JCB_2.flac
Dave W Flacs/020123_JCB_1.flac",John Cowan,2002-01-23,,,,Dave Ward Collection,todo,,,,multipart raw FLAC
jcb2002-01-25,"Dave W Flacs/020125_JCB_1.flac
Dave W Flacs/020125_JCB_2.flac
Dave W Flacs/020125_JCB_Soundcheck.flac",John Cowan,2002-01-25,,,,Dave Ward Collection,todo,,,,multipart raw FLAC
020215_Phish_1,Brian H Flacs Wave 2/Misc/020215_Phish_1.flac,Phish,2002-02-15,,,,Brian H Collection,todo,,,,
020215_Phish_2,Brian H Flacs Wave 2/Misc/020215_Phish_2.flac,Phish,2002-02-15,,,,Brian H Collection,todo,,,,
sci2002-04-06,Brian H Flacs Wave 2/SCI/020406_SCI.flac,String Cheese Incident,2002-04-06,Waterloo Park,Austin,TX,Brian H Collection,already_uploaded,sci2002-04-06,StringCheeseIncident,,
jcb2002-05-10,Dave W Flacs/020510_JCB_Master.flac,John Cowan,2002-05-10,,,,Dave Ward Collection,todo,,,,
020712_Scott,Dave W Flacs/020712_Scott.flac,Scott,2002-07-12,,,,Dave Ward Collection,todo,,,,
jcb2002-08-02,Dave W Flacs/020802_JCB_RR.flac,John Cowan,2002-08-02,Riverbend Music Center,Cincinnati,OH,Dave Ward Collection,already_uploaded,jcb2002-08-02,JohnCowan,,
prtr2002-08-02,,Peter Rowan and Tony Rice,2002-08-02,,,,Dave Ward Collection,already_uploaded,prtr2002-08-02,taperssection,,
jmp2002-11-15,Brian H Flacs Wave 2/Misc/021115_Jeff_Mandela_Proj.flac,Jazz Mandolin Project,2002-11-15,Winston's,San Diego,CA,Brian H Collection,already_uploaded,jmp2002-11-15,JazzMandolinProject,,
030131_Scott_1,Dave W Flacs/030131_Scott_1.flac,Scott,2003-01-31,,,,Dave Ward Collection,todo,,,,
030131_Scott_2,Dave W Flacs/030131_Scott_2.flac,Scott,2003-01-31,,,,Dave Ward Collection,todo,,,,
jcb2003-02-10,Dave W Flacs/030210_JCB_2.flac,John Cowan,2003-02-10,,,,Dave Ward Collection,todo,,,,
030328_PGF,Brian H Flacs Wave 2/Misc/030328_PGF.flac,PGF,2003-03-28,,,,Brian H Collection,todo,,,,
20030417_OSMF_M.WilliamsSCMS-Aud,Brian H Flacs Wave 2/Old Settlers Music Festival - June 2003/20030417_OSMF_M.Williams→SCMS-Aud.flac,OSMF M.Williams→SCMS Aud,2003-04-17,,,,Brian H Collection,todo,,,,
20030418-OSMF-P.GriffinRTTravs-Aud,Brian H Flacs Wave 2/Old Settlers Music Festival - June 2003/20030418-OSMF-P.Griffin→RTTravs-Aud.flac,OSMF P.Griffin→RTTravs Aud,2003-04-18,,,,Brian H Collection,todo,,,,
20030418-OSMF-WaybacksJ.Douglas-Aud,Brian H Flacs Wave 2/Old Settlers Music Festival - June 2003/20030418-OSMF-Waybacks→J.Douglas-Aud.flac,OSMF Waybacks→J.Douglas Aud,2003-04-18,,,,Brian H Collection,todo,,,,
ymsb2003-04-18.Matrix,Brian H Flacs Wave 2/Old Settlers Music Festival - June 2003/20030418-OSMF-YMSB-Aud.flac,Yonder Mountain String Band,2003-04-18,Old Settler's Music Festival,Driftwood,TX,Brian H Collection,already_uploaded,ymsb2003-04-18.Matrix,YonderMountainStringBand,,
ymsb2003-04-18.SBD,Brian H Flacs Wave 2/Old Settlers Music Festival - June 2003/20030418-OSMF-YMSB-Sbd.flac,Yonder Mountain String Band,2003-04-18,Old Settler's Music Festival,Driftwood,TX,Brian H Collection,already_uploaded,ymsb2003-04-18.SBD,YonderMountainStringBand,,
20030419-OSMF-OCCR.FosterCoopsUnc-Aud,Brian H Flacs Wave 2/Old Settlers Music Festival - June 2003/20030419-OSMF-OCC→R.Foster→CoopsUnc-Aud.flac,OSMF OCC→R.Foster→CoopsUnc Aud,2003-04-19,,,,Brian H Collection,todo,,,,
20030419-OSMF-OCCR.FosterCoopsUnc-Sbd,Brian H Flacs Wave 2/Old Settlers Music Festival - June 2003/20030419-OSMF-OCC→R.Foster→CoopsUnc-Sbd.flac,OSMF OCC→R.Foster→CoopsUnc Sbd,2003-04-19,,,,Brian H Collection,todo,,,,
ymsb2003-04-19.SBD,Brian H Flacs Wave 2/Old Settlers Music Festival - June 2003/20030419-OSMF-YMSB-Sbd.flac,Yonder Mountain String Band,2003-04-19,,,,Brian H Collection,todo,,,,
030606_Scott,Dave W Flacs/030606_Scott.flac,Scott,2003-06-06,,,,Dave Ward Collection,todo,,,,
del2003-06-15,Brian H Flacs Wave 3/2003 Huck Finn Country & Bluegrass Jam/20030615_HFMF_Steve_Spurgin_Julie_Wingfield_Del_McCoury_Band_early.flac,Del McCoury Band,2003-06-15,,,,Brian H Collection,todo,,,,
20030725_AGABAMF_SBD_Andy_Rau_Band_Silverado_Bluegrass_Band_Cliff_Wagner_and_Old_7,Brian H Flacs Wave 3/2003 2nd Annual Great American Bluegrass & Acoustic Music Festival/20030725_AGABAMF_SBD_Andy_Rau_Band_Silverado_Bluegrass_Band_Cliff_Wagner_and_Old_7.flac,AGABAMF SBD Andy Rau Band Silverado Bluegrass Band Cliff Wagner and Old,2003-07-25,,,,Brian H Collection,todo,,,,
20030726_AGABAMF_SBD_Clay_County_Peter_Feldman_Clearly_Bluegrass,Brian H Flacs Wave 3/2003 2nd Annual Great American Bluegrass & Acoustic Music Festival/20030726_AGABAMF_SBD_Clay_County_Peter_Feldman_Clearly_Bluegrass.flac,AGABAMF SBD Clay County Peter Feldman Clearly Bluegrass,2003-07-26,,,,Brian H Collection,todo,,,,
20030727_AGABAMF_SBD_Bladerunners_Suzie_Glaze_Chris_Stuart__Backcountry,Brian H Flacs Wave 3/2003 2nd Annual Great American Bluegrass & Acoustic Music Festival/20030727_AGABAMF_SBD_Bladerunners_Suzie_Glaze_Chris_Stuart_&_Backcountry.flac,AGABAMF SBD Bladerunners Suzie Glaze Chris Stuart & Backcountry,2003-07-27,,,,Brian H Collection,todo,,,,
20030727_AGABAMF_SBD_Clay_County,Brian H Flacs Wave 3/2003 2nd Annual Great American Bluegrass & Acoustic Music Festival/20030727_AGABAMF_SBD_Clay_County.flac,AGABAMF SBD Clay County,2003-07-27,,,,Brian H Collection,todo,,,,
031207_Scott,Dave W Flacs/031207_Scott.flac,Scott,2003-12-07,,,,Dave Ward Collection,todo,,,,
031207_Wisechild,Dave W Flacs/031207_Wisechild.flac,Wisechild,2003-12-07,,,,Dave Ward Collection,todo,,,,
20040118_BLYTHE_Borderland_Brass_Silverado_Lost_Highway,Brian H Flacs Wave 3/2004 Blythe Bluegrass Festival/20040118_BLYTHE_Borderland_Brass_Silverado_Lost_Highway.flac,BLYTHE Borderland Brass Silverado Lost Highway,2004-01-18,,,,Brian H Collection,todo,,,,
20040502_AMSBF_Lampkin_James_King_Band_early_Rick_Jamison,Brian H Flacs Wave 3/2004 1st Annual Mid-State Bluegrass Festival/20040502_AMSBF_Lampkin_James_King_Band_early_Rick_Jamison.flac,AMSBF Lampkin James King Band early Rick Jamison,2004-05-02,,,,Brian H Collection,todo,,,,
rre2004-09-02,Brian H Flacs Wave 3/2004 Strawberry Fall Music Festival/20040902_STRAW_AUD_Railroad_Earth_SBDGuy_Clark_with_Verlon_Thompson.flac,Railroad Earth,2004-09-02,Strawberry Music Festival,Grass Valley,CA,Brian H Collection,already_uploaded,rre2004-09-02,RailroadEarth,,
20050526_STRAW_1_FM_Poor_Mans_Whiskey_Anne_McCue,Brian H Flacs Wave 3/2005 Strawberry Spring Music Festival/20050526_STRAW_1_FM_Poor_Man's_Whiskey_Anne_McCue.flac,STRAW 1 FM Poor Man's Whiskey Anne McCue,2005-05-26,,,,Brian H Collection,todo,,,,
20050526_STRAW_3_FM_John_Jorgenson_Quintet,Brian H Flacs Wave 3/2005 Strawberry Spring Music Festival/20050526_STRAW_3_FM_John_Jorgenson_Quintet.flac,STRAW 3 FM John Jorgenson Quintet,2005-05-26,,,,Brian H Collection,todo,,,,
crookedstill2005-05-26,Brian H Flacs Wave 3/2005 Strawberry Spring Music Festival/20050526_STRAW_2_FM_Crooked_Still_Penny_Lang.flac,Crooked Still,2005-05-26,,,,Brian H Collection,already_uploaded,crookedstill2005-05-26,taperssection,,
20050527_STRAW_5_FM_Susan_Tedeschi_Old_School_Freight_Train,Brian H Flacs Wave 3/2005 Strawberry Spring Music Festival/20050527_STRAW_5_FM_Susan_Tedeschi_Old_School_Freight_Train.flac,STRAW 5 FM Susan Tedeschi Old School Freight Train,2005-05-27,,,,Brian H Collection,todo,,,,
20050527_STRAW_6_FM_Marcia_Ball_Old_School_Freight_Train,Brian H Flacs Wave 3/2005 Strawberry Spring Music Festival/20050527_STRAW_6_FM_Marcia_Ball_Old_School_Freight_Train.flac,STRAW 6 FM Marcia Ball Old School Freight Train,2005-05-27,,,,Brian H Collection,todo,,,,
rre2005-05-27,Brian H Flacs Wave 3/2005 Strawberry Spring Music Festival/20050527_STRAW_4_FM_Railroad_Earth_Marcia_Ball.flac,Railroad Earth,2005-05-27,Strawberry Music Festival,Grass Valley,CA,Brian H Collection,already_uploaded,rre2005-05-27,RailroadEarth,,
20050528_STRAW_7_FM_Due_West_Old_School_Freight_Train,Brian H Flacs Wave 3/2005 Strawberry Spring Music Festival/20050528_STRAW_7_FM_Due_West_Old_School_Freight_Train.flac,STRAW 7 FM Due West Old School Freight Train,2005-05-28,,,,Brian H Collection,todo,,,,
20050528_STRAW_8_FM_Inspector_Eddie_From_Ohio,Brian H Flacs Wave 3/2005 Strawberry Spring Music Festival/20050528_STRAW_8_FM_Inspector_Eddie_From_Ohio.flac,STRAW 8 FM Inspector Eddie From Ohio,2005-05-28,,,,Brian H Collection,todo,,,,
20050528_STRAW_9_FM_0528_Nashville_Bluegrass_Band_0529_Kieran_Kane_Kevin_Welch__Fats_Kaplan,"Brian H Flacs Wave 3/2005 Strawberry Spring Music Festival/20050528_STRAW_9_FM_0528_Nashville_Bluegrass_Band_0529_Kieran_Kane,_Kevin_Welch_&_Fats_Kaplan.flac","STRAW 9 FM 0528 Nashville Bluegrass Band 0529 Kieran Kane, Kevin Welch & Fats Kaplan",2005-05-28,,,,Brian H Collection,todo,,,,
lf2005-05-28,Brian H Flacs Wave 3/2005 Strawberry Spring Music Festival/20050528_STRAW_10_FM_Little_Feat.flac,Little Feat,2005-05-28,Strawberry Music Festival,Grass Valley,CA,Brian H Collection,already_uploaded,lf2005-05-28,LittleFeat,,
20050529_STRAW_11_FM_Revival_Sunday_morning_program,Brian H Flacs Wave 3/2005 Strawberry Spring Music Festival/20050529_STRAW_11_FM_Revival_Sunday_morning_program.flac,STRAW 11 FM Revival Sunday morning program,2005-05-29,,,,Brian H Collection,todo,,,,
del2005-05-29,Brian H Flacs Wave 3/2005 Strawberry Spring Music Festival/20050529_STRAW_14_FM_Del_McCoury_Band.flac,Del McCoury Band,2005-05-29,Strawberry Music Festival,Grass Valley,CA,Brian H Collection,already_uploaded,del2005-05-29,DelMcCouryBand,,
ocms2005-05-29,Brian H Flacs Wave 3/2005 Strawberry Spring Music Festival/20050529_STRAW_13_FM_Old_Crow_Medicine_Show.flac,Old Crow Medicine Show,2005-05-29,,,,Brian H Collection,already_uploaded,ocms2005-05-29,taperssection,,
